title,overview,genres,rating,popularity
Lee Cronin's The Mummy,"The young daughter of a journalist disappears into the desert without a trace—eight years later, the broken family is shocked when she is returned to them, as what should be a joyful reunion turns into a living nightmare.",Horror Mystery,8.041,802.3373
Tom Clancy's Jack Ryan: Ghost War,"Jack Ryan is reluctantly pulled back into espionage when an international covert mission unravels a deadly conspiracy. Racing against time, he joins CIA allies Mike November & James Greer and sharp MI6 officer Emma Marlowe to battle a rogue black-ops unit in a high-stakes, deeply personal fight.",Action Thriller,7.223,525.2079
The Punisher: One Last Kill,"As Frank Castle searches for meaning beyond revenge, an unexpected force pulls him back into the fight.",Action Drama Crime,8.428,416.9348
Project Hail Mary,"Science teacher Ryland Grace wakes up on a spaceship light years from home with no recollection of who he is or how he got there. As his memory returns, he begins to uncover his mission: solve the riddle of the mysterious substance causing the sun to die out. He must call on his scientific knowledge and unorthodox ideas to save everything on Earth from extinction.",Sci-Fi Adventure,8.627,402.5239
The Super Mario Galaxy Movie,"Having thwarted Bowser's previous plot to marry Princess Peach, Mario and Luigi now face a fresh threat in Bowser Jr., who is determined to liberate his father from captivity and restore the family legacy. Alongside companions new and old, the brothers travel across the stars to stop the young heir's crusade.",Family Comedy Adventure Fantasy Animation,7.979,387.0855
Obsession,"After breaking the mysterious ""One Wish Willow"" to win his crush's heart, a hopeless romantic finds himself getting exactly what he asked for but soon discovers that some desires come at a dark, sinister price.",Horror,7.89,334.7747
Swapped,"A small woodland creature and a majestic bird, two natural sworn enemies of the Valley, magically trade places and set off on an adventure of a lifetime to switch back. Their journey soon uncovers a greater threat—one that could endanger not only their species, but the entire valley they call home.",Adventure Animation Family Fantasy,8.974,328.7016
Dhurandhar: The Revenge,"As rival gangs, corrupt officials and a ruthless Major Iqbal close in, Hamza's mission for his country spirals into a bloody personal war where the line between patriot and monster disappears in the streets of Lyari.",Action Crime Thriller,7.3,299.5133
Your Heart Will Be Broken,"High school student Polina is saved from bullying at her new school and makes a deal with the main bully Bars: he must pretend to be her boyfriend and protect her, and she must do everything he says. During this game, the couple develops real feelings, but her family and classmates have reasons to separate the lovers.",Romance Drama,6.8,255.5162
Mortal Kombat II,"The fan favorite champions—now joined by Johnny Cage himself—are pitted against one another in the ultimate, no-holds barred, gory battle to defeat the dark rule of Shao Kahn that threatens the very existence of the Earthrealm and its defenders.",Action Fantasy Adventure,6.802,219.2069
Pati Patni Aur Woh Do,"A seemingly perfect marriage in Prayagraj takes an unexpected turn when one decision leads to a chain of misunderstandings, suspicion, and comedic chaos.",Comedy,8.0,214.0864
The Devil Wears Prada,"A young woman from the Midwest gets more than she bargained for when she moves to New York to become a writer and ends up as the assistant to the tyrannical, larger-than-life editor-in-chief of a major fashion magazine.",Drama Comedy,7.422,201.2108
The Mandalorian and Grogu,"The evil Empire has fallen, and Imperial warlords remain scattered throughout the galaxy. As the fledgling New Republic works to protect everything the Rebellion fought for, they have enlisted the help of legendary Mandalorian bounty hunter Din Djarin and his young apprentice Grogu.",Action Adventure Sci-Fi,6.729,192.0492
Mortal Kombat,"Washed-up MMA fighter Cole Young, unaware of his heritage, and hunted by Emperor Shang Tsung's best warrior, Sub-Zero, seeks out and trains with Earth's greatest champions as he prepares to stand against the enemies of Outworld in a high stakes battle for the universe.",Action Fantasy Adventure,7.03,184.3631
Apex,A grieving woman pushing her limits on a solo adventure in the Australian wild is ensnared in a twisted game with a cunning killer who thinks she's prey.,Action Thriller,6.687,174.2064
Avatar: Fire and Ash,"In the wake of the devastating war against the RDA and the loss of their eldest son, Jake Sully and Neytiri face a new threat on Pandora: the Ash People, a violent and power-hungry Na'vi tribe led by the ruthless Varang. Jake's family must fight for their survival and the future of Pandora in a conflict that pushes them to their emotional and physical limits.",Sci-Fi Adventure Fantasy,7.501,159.6346
System,"When Neha Rajvansh, a privileged public prosecutor, meets Sarika Rawat, a courtroom stenographer from a humble background, their lives are thrown into upheaval where power defines truth, blurring the system and raising a question of what justice truly means to them.",Thriller,7.5,152.8624
The Shadow's Edge,Macau Police brings the tracking expert police officer out of retirement to help catch a dangerous group of professional thieves.,Action Crime Drama Thriller,7.373,149.3773
Mortal Game,"A group of hunters travel to a mysterious island to track down a legendary forest creature. They soon realize their guide has set them up as bait, forcing them to confront a highly intelligent predator that terrorizes them one by one.",Horror Action,4.917,142.1554
Ladies First,"An arrogant but charismatic ladies' man finds his life of money, power and casual flings upended when he wakes up in a parallel world dominated by women.",Comedy Fantasy,5.72,138.7301
Graphic Desires,"When reclusive Franklin cheats on his partner with a mysterious girl he meets on a dating app, it becomes the start of a deadly obsession.",Thriller Crime,7.0,137.7416
Hoppers,"Scientists have discovered how to 'hop' human consciousness into lifelike robotic animals, allowing people to communicate with animals as animals. Animal lover Mabel seizes an opportunity to use the technology, uncovering mysteries within the animal world beyond anything she could have imagined.",Adventure Animation Comedy Family Sci-Fi,8.113,134.798
Michael,"The story of Michael Jackson, one of the most influential artists the world has ever known, and his life beyond the music. His journey from the discovery of his extraordinary talent as the lead of the Jackson Five, to the visionary artist whose creative ambition fueled a relentless pursuit to become the biggest entertainer in the world, highlighting both his life off-stage and some of the most iconic performances from his early solo career.",Music Drama,7.59,130.9118
Beast,"MMA legend Patton James, now a commercial fisherman, is pulled back into the cage when his brother is in danger. Reuniting with his old coach Sammy, he commits to one final fight in one championship against the brutal champion Xavier Grau.",Action Drama,6.307,130.6204
Demon Slayer: Kimetsu no Yaiba Infinity Castle,"The Demon Slayer Corps are drawn into the Infinity Castle, where Tanjiro, Nezuko, and the Hashira face terrifying Upper Rank demons in a desperate fight as the final battle against Muzan Kibutsuji begins.",Animation Action Fantasy,7.72,125.5801
Kartavya,"With his family's safety at stake and menacing threats closing in, a police officer must decide how far he'll go to uphold his duty.",Crime Drama Thriller,6.2,124.8239
GOAT,"A small goat with big dreams gets a once-in-a-lifetime shot to join the pros and play roarball, a high-intensity, co-ed, full-contact sport dominated by the fastest, fiercest animals in the world.",Animation Comedy Family,8.106,124.3781
Worldbreaker,"Five years ago, a tear in the fabric of reality brought creatures to our world from an alternate dimension bent on our destruction. A father hides his daughter on an island to keep her safe while he prepares her for survival and the battles to come. But when the world is about to break, no place is safe.",Sci-Fi Action Horror,5.893,117.447
Nymphomaniac: Vol. II,The continuation of Joe's sexually dictated life delves into the darker aspects of her adult life and what led to her being in Seligman's care.,Drama Mystery,6.709,114.7291
Chand Mera Dil,"Aarav and Chandni's passionate college romance is struck by adulthood far too soon, forcing the two young lovers to balance their ambitions with responsibility and realize the evolved meaning of love.",Romance Drama,0.0,105.4791
Aakhri Sawal,"Vicky, a brilliant but volatile scholar who ignites a national firestorm when he publicly accuses his legendary mentor, Professor Gopal Nadkarni, of institutional bias. What begins as a faculty dispute is quickly hijacked by a sensationalist news anchor and an ambitious political activist, turning a private disagreement into a televised ""intellectual trial"" watched by millions.",Drama Thriller,1.0,101.4725
Dhurandhar,"A mysterious traveler slips into the heart of Karachi's underbelly and rises through its ranks with lethal precision, only to tear the notorious ISI-Underworld nexus apart from within.",Action Crime Thriller,7.12,100.4293
Karuppu,"In a world where justice falters, guardian deity Vettai Karuppu takes the guise of a lawyer to battle a corrupt legal system preying on the powerless. Karuppu blends action, justice, and myth into a gripping supernatural drama.",Fantasy Action Drama,7.4,98.552
Remarkably Bright Creatures,"Through unlikely bonds formed during night shifts at a local aquarium, Tova, an elderly widow, learns of a life-changing discovery that may bring her joy and wonder once again.",Drama Mystery,8.5,95.9692
The Mummy,Dashing legionnaire Rick O'Connell stumbles upon the hidden ruins of Hamunaptra while in the midst of a battle to claim the area in 1920s Egypt. It has been over three thousand years since former High Priest Imhotep suffered a fate worse than death as a punishment for a forbidden love—along with a curse that guarantees eternal doom upon the world if he is ever awoken.,Adventure Action Fantasy,6.973,94.4468
My Dearest Assassin,"Hunted for her rare blood type, a caged woman vows to fight alongside the assassin she loves to protect their future when an old enemy resurfaces.",Action Drama Romance,8.642,93.4461
Damage,The life of a respected British politician at the height of his career crumbles when he becomes obsessed with his son's lover.,Drama Romance,6.566,93.0844
Ready or Not: Here I Come,"Moments after surviving an all-out attack from the Le Domas family, Grace discovers she’s reached the next level of the nightmarish game — and this time with her estranged sister Faith at her side. Grace has one chance to survive, keep her sister alive, and claim the High Seat of the Council that controls the world. Four rival families are hunting her for the throne, and whoever wins rules it all.",Thriller Horror Comedy,7.694,92.3152
After We Fell,"Just as Tessa's life begins to become unglued, nothing is what she thought it would be. Not her friends nor her family. The only person that she should be able to rely on is Hardin, who is furious when he discovers the massive secret that she's been keeping. Before Tessa makes the biggest decision of her life, everything changes because of revelations about her family.",Drama Romance,7.005,91.5276
Madness,"An escaped convicted murderer invades the cottage of a man, his wife and the wife's sister, whereupon he proceeds to torment this already dysfunctional trio with rape and violence.",Thriller Action Crime,4.903,91.4567
Normal,"An unassuming substitute sheriff with a troubled past responds to a bank robbery in a small, sleepy town and unknowingly uncovers something far more explosive.",Action Crime Thriller,6.451,74.8637
The Sheep Detectives,"George Hardy is a shepherd who reads detective novels to his beloved sheep every night, assuming they can't possibly understand. But when a mysterious incident disrupts life on the farm, the sheep realize they must become the detectives. As they follow the clues and investigate human suspects, they prove that even sheep can be brilliant crime-solvers.",Comedy Family Mystery,7.593,85.1888
Avatar Aang: The Last Airbender,"Avatar Aang, the world's last Airbender, learns of an ancient power that could save his culture from extinction. With the help of his friends, he embarks on a global quest to find it before it falls into the wrong hands and threatens to upend the peace they sacrificed everything to achieve.",Animation Action Adventure Fantasy,0.0,80.4841
Ne Zha 2,"After a catastrophic event leaves their bodies destroyed, Ne Zha and Ao Bing are granted a fragile second chance at life. As tensions rise between the dragon clans and celestial forces, the two must undergo a series of perilous trials that will test their bond, challenge their identities, and decide the fate of both mortals and immortals.",Animation Action Fantasy Adventure,8.158,70.4225
Shelter,"A man living in self-imposed exile on a remote island rescues a young girl from a violent storm, setting off a chain of events that forces him out of seclusion to protect her from enemies tied to his past.",Action Crime Thriller,7.602,81.3315
Tayuan 2,"A charming bus conductor drawn to both men and women who feels an unexpected spark with a shy commuter. On crowded bus rides where bodies brush, desire grows and love becomes messy.",Drama,4.7,74.4142
Michael Jackson: The Life of an Icon,"See Michael Jackson, one of the most recognizable and popular entertainers of all time, like never before in the feature-length tribute Michael Jackson: The Life of an Icon. Known to millions of fans worldwide for his record-breaking albums, groundbreaking music videos, mesmerizing dance moves and humanitarian efforts, his true story has never really been told...until now. This unprecedented look into the King of Pop's fascinating life includes all-new interviews with his mother Katherine Jackson as well as siblings Tito and Rebbie Jackson,  his nephew  Jaafar Jackson and niece Tahkyah brings plenty Jackson and Friends ends and music legends such as Smokey Robinson, Dionne Warwick and  his 3 children and many more.",Documentary Music,8.1,72.7748
The Last Supper,"In a deserted house, a mysterious man savors an exquisite menu in the company of an unseen guest. From this eerie dinner table, a succession of terrifying stories is revealed-each probing primal fears of hunger, flesh, and survival.",Horror,0.0,79.5751
Interstellar,The adventures of a group of explorers who make use of a newly discovered wormhole to surpass the limitations on human space travel and conquer the vast distances involved in an interstellar voyage.,Adventure Drama Sci-Fi,8.475,77.2339
The Housemaid,"Trying to escape her past, Millie Calloway accepts a job as a live-in housemaid for the wealthy Nina and Andrew Winchester. But what begins as a dream job quickly unravels into something far more dangerous—a sexy, seductive game of secrets, scandal, and power.",Mystery Thriller,7.3,71.5053
Zero Woman 2,"When a valuable suitcase is stolen, the mob, petty criminals, and a beautiful agent from the Elite Zero division are pulled into a battle to settle the score.",Action Thriller,5.0,73.3235
War of the Worlds,"Will Radford is a top analyst for Homeland Security who tracks potential threats through a mass surveillance program, until one day an attack by an unknown entity leads him to question whether the government is hiding something from him... and from the rest of the world.",Sci-Fi Thriller,4.106,71.8564
Mexican Psycho,"Follows an ""ultra-violent and intelligent"" psychopath who challenges the police by leaving a white paper rabbit at each crime scene, connecting them all.",Thriller Horror,8.25,77.4998
The Shawshank Redemption,"Imprisoned in the 1940s for the double murder of his wife and her lover, upstanding banker Andy Dufresne begins a new life at the Shawshank prison, where he puts his accounting skills to work for an amoral warden. During his long stretch in prison, Dufresne comes to be admired by the other inmates -- including an older prisoner named Red -- for his integrity and unquenchable sense of hope.",Drama Crime,8.721,71.0607
Greenland 2: Migration,"Having found the safety of the Greenland bunker after the comet Clarke decimated the Earth, the Garrity family must now risk everything to embark on a perilous journey across the wasteland of Europe to find a new home.",Adventure Thriller Sci-Fi,6.4,69.67
Predator: Badlands,"Cast out from his clan, a young Predator finds an unlikely ally in a damaged android and embarks on a treacherous journey in search of the ultimate adversary.",Action Sci-Fi Adventure,7.741,67.2656
Vengeance,"The brutal murder of the wife of “Toro,” a military hero in the special forces, turns him into a man with a single purpose: revenge. After a stroke of fate makes him a millionaire, Carlos transforms his fortune into an arsenal and, together with his closest soldiers, sets out to hunt down those responsible.",Action Thriller,7.428,63.7347
Krishnavataram Part 1: The Heart (Hridayam),"An epic devotional narrative that reimagines the journey of Lord Krishna, tracing his path from Dwarka to Kurukshetra after parting ways with Radha. As his journey unfolds, it explores his connection with people, his layered personality, and the lessons he imparts about love and life.",Adventure Romance Drama,8.5,66.9948
The Mummy Returns,"Rick and Evelyn O’Connell, along with their 8-year-old son Alex, discover the key to the legendary Scorpion King’s might: the fabled Bracelet of Anubis. Unfortunately, a newly resurrected Imhotep has designs on the bracelet as well, and isn’t above kidnapping its new bearer, Alex, to gain control of Anubis’s otherworldly army.",Adventure Action Fantasy,6.403,60.0272
Night Silence,"A theatre actor whose health is failing gets admitted to a nursing home. Soon, he starts having nightmares that seemingly become deceptively real. The so-called nightmares were able to make him live in two parallel dimensions.",Horror Drama Mystery,4.7,66.4441
Raja Shivaji,"Chronicles the rise of young Shivaji Bhonsale, who challenged the might of established empires to found the Maratha kingdom and lay the groundwork for 'Swarajya' (self-rule) during a turbulent period of Indian history.",Action History Drama,9.0,67.6425
They Will Kill You,"A woman answers a help wanted ad to be a housekeeper in a mysterious New York City high-rise, unaware that she is entering a community that has seen a number of disappearances over the years and may be under the grip of a Satanic cult.",Action Comedy Horror,6.946,60.932
Bhooth Bangla,"A man inherits a palace in rural Mangalpur and plans his sister's wedding there, but strange supernatural events and panicked locals force him to investigate the property's mysterious past.",Horror Comedy,6.5,77.6215
Apocalypto,"Set in the Mayan civilization, when a man's idyllic presence is brutally disrupted by a violent invading force, he is taken on a perilous journey to a world ruled by fear and oppression where a harrowing end awaits him. Through a twist of fate and spurred by the power of his love for his woman and his family he will make a desperate break to return home and to ultimately save his way of life.",Action Drama History,7.622,58.3986
The Devil Wears Prada 2,"Andy Sachs returns to Runway as Miranda Priestly navigates a new media landscape and Runway's position within. The duo reconnect with former assistant Emily Charlton, now the head of a luxury brand that possesses funding which could ensure Runway's survival.",Comedy Drama,6.6,60.195
From Straight A's to XXX,"When a change of circumstances leaves Miriam unable to pay her college tuition, she makes a surprising decision: to start performing in adult films, using the pseudonym Belle Knox. Miriam lies to her family and her friends at school, keeping her double life a secret. But soon rumours spread and Miriam becomes the subject of vicious online attacks and unwanted attention. Miriam fights back: she talks to the media, saying her new line of work empowers her as a feminist. But her confident stand has unintended consequences. Miriam is shunned by her conservative family and her colleagues in the adult film world. One impulsive decision has quickly spiralled out of control - and Miriam's problems are just beginning.",Drama,5.8,62.161
Scream 7,"When a new Ghostface killer emerges in the quiet town where Sidney Prescott has built a new life, her darkest fears are realized as her daughter becomes the next target. Determined to protect her family, Sidney must face the horrors of her past to put an end to the bloodshed once and for all.",Horror Mystery Crime,6.124,56.735
Colony,"Professor Se-jeong is thrust into a bloody nightmare when a rapidly mutating virus is released during a biotech conference causing authorities to seal the facility. Trapped inside with no escape, Se-jeong along with a small group of survivors must fight to stay alive while the infected undergo horrific transformations.",Action Thriller Horror,6.4,62.4045
The Avengers,"When an unexpected enemy emerges and threatens global safety and security, Nick Fury, director of the international peacekeeping agency known as S.H.I.E.L.D., finds himself in need of a team to pull the world back from the brink of disaster. Spanning the globe, a daring recruitment effort begins!",Sci-Fi Action Adventure,8.03,51.5005
Wormtown,"One year into a plague of flesh-eating, mind-altering worms, the nocturnal town of Ashland, Ohio, has embraced the parasites’ rule. Under cult-like Mayor Joshua, zealous Ranchers spread their gospel—by persuasion or by force. A trio of uninfected women cling to survival through scavenging, extreme hygiene, and evasion. But everyone breaks eventually, unleashing betrayal, sacrilege, and body horror.",Sci-Fi Horror Adventure,5.7,49.8182
Send Help,"Two colleagues become stranded on a deserted island, the only survivors of a plane crash. On the island, they must overcome past grievances and work together to survive, but ultimately, it's a battle of wills and wits to make it out alive.",Horror Thriller Comedy,7.043,52.1775
The Conjuring: Last Rites,Paranormal investigators Ed and Lorraine Warren take on one last terrifying case involving mysterious entities they must confront.,Horror,6.9,49.4754
Mother Mary,Long-buried wounds rise to the surface when iconic pop star Mother Mary reunites with her estranged best friend and former costume designer Sam Anselm on the eve of her comeback performance.,Music Drama Thriller,5.859,46.7039
War Machine,"On one last grueling mission during Army Ranger training, a combat engineer must lead his unit in a fight against a giant otherworldly killing machine.",Action Sci-Fi Thriller,7.333,51.1198
Faces of Death,"A woman, employed as a website content moderator, comes across a series of violent videos reproducing death scenes from a film.",Horror,5.5,45.6313
Crime 101,"When an elusive thief whose high-stakes heists unfold along the iconic 101 freeway in Los Angeles eyes the score of a lifetime, with hopes of this being his final job, his path collides with a disillusioned insurance broker who is facing her own crossroads. Determined to crack the case, a relentless detective closes in on the operation, raising the stakes even higher.",Crime Thriller,6.968,50.0702
TN 2026,"Set in Pollachi, the story follows a powerful landlord, Sivalingam Mandradiyar, who becomes obsessed with a rising actor, Kukanth Kumar, believing he is the next M.G.R. He pours his wealth into shaping the actor's career and political future. But as ambition and fame grow, so does the risk of downfall. Will it lead to power or ruin?",Comedy Drama,0.0,51.6399
Virgin,"Iris, an 18-year old virgin marries Joaquin, a rich widower, because of money. However, when he learns that Iris is not really a virgin, their honeymoon turns to a bloodbath.",Drama Romance,6.5,51.8157
Avengers: Infinity War,"As the Avengers and their allies have continued to protect the world from threats too large for any one hero to handle, a new danger has emerged from the cosmic shadows: Thanos. A despot of intergalactic infamy, his goal is to collect all six Infinity Stones, artifacts of unimaginable power, and use them to inflict his twisted will on all of reality. Everything the Avengers have fought for has led up to this moment - the fate of Earth and existence itself has never been more uncertain.",Adventure Action Sci-Fi,8.235,49.2997
My Fault,"Noah must leave her city, boyfriend, and friends to move into William Leister's mansion, the flashy and wealthy husband of her mother Rafaela. As a proud and independent 17 year old, Noah resists living in a mansion surrounded by luxury. However, it is there where she meets Nick, her new stepbrother, and the clash of their strong personalities becomes evident from the very beginning.",Drama Romance Thriller,7.738,48.1174
Real Steel,"Charlie Kenton is a washed-up fighter who retired from the ring when robots took over the sport. After his robot is trashed, he reluctantly teams up with his estranged son to rebuild and train an unlikely contender.",Action Sci-Fi Drama,7.086,48.1006
Kraken,"A marine biologist is doing research on a fish farm when she encounters several strange occurrences. Along with the brutal deaths of two teenagers, all signs point to the deep fjord; can there be more to the depths than the eye can see?",Horror Action Thriller,5.8,47.9803
The Godfather,"Spanning the years 1945 to 1955, a chronicle of the fictional Italian-American Corleone crime family. When organized crime family patriarch, Vito Corleone barely survives an attempt on his life, his youngest son, Michael steps in to take care of the would-be killers, launching a campaign of bloody revenge.",Drama Crime,8.687,47.963
Dracula,"In late 15th-century Eastern Europe, Prince Vlad II’s bride is brutally murdered. As a result, he renounces God and damns Heaven itself. Cursed with eternal life, Vlad is reborn as Dracula, an immortal warlord who defies fate in a blood-soaked crusade to wrench his lost love back from death.",Horror Fantasy Romance,7.117,46.7544
Sundutan,"A hole on the wall accidentally connects two women emotionally and physically. Forbidden love, greed, betrayal... what lies beyond the hole? And for how long can they keep covering it up?",Drama,4.0,45.6127
Dime lo que quieres (de verdad),"Diego and Emilia are a conservative couple with 16 years of marriage who have lost the spark, until Tomás and Betina rescue them and introduce them to the forbidden world, changing what they know about intimacy, relationships, and sex.",Romance Drama Comedy,7.8,44.8427
Omukade,"Thailand, 1941 — a handful of Japanese soldiers and their prisoners are trapped in a cursed mine. As tensions between enemies reach a breaking point, they are forced to confront a terrifying, ancient monster lurking in the shadows.",Horror Thriller War,5.0,44.4076
The Dark Knight,"Batman raises the stakes in his war on crime. With the help of Lt. Jim Gordon and District Attorney Harvey Dent, Batman sets out to dismantle the remaining criminal organizations that plague the streets. The partnership proves to be effective, but they soon find themselves prey to a reign of chaos unleashed by a rising criminal mastermind known to the terrified citizens of Gotham as the Joker.",Action Crime Thriller,8.531,44.2747
Indian Institute of Zombies,"At an elite engineering campus, students must survive a sudden zombie outbreak while navigating academic pressures and social hierarchies, blending horror with comedy and biting satire of privilege and competition.",Comedy Horror,0.0,44.1497
Fifty Shades Freed,"Believing they have left behind shadowy figures from their past, newlyweds Christian and Ana fully embrace an inextricable connection and shared life of luxury. But just as she steps into her role as Mrs. Grey and he relaxes into an unfamiliar stability, new threats could jeopardize their happy ending before it even begins.",Drama Romance,6.676,43.895
Vaazha II,"Four friends – Hashir, Alan, Ajin and Vinayak – are considered losers and troublemakers by parents, family and the school management. They face immense social pressure as they reach adulthood, embarking them on an emotional journey of self discovery and acceptance, where they finally learn to take up their responsibilities and find success.",Comedy Drama,7.063,43.4084
"My Teacher, My Obsession","Riley is struggling to make friends after transferring to a new high school where her father, Chris, is an English teacher. When she meets Kyla, they quickly becomes close friends. However, the friendship takes a strange turn when Riley learns that Kyla is obsessed with her dad. Will Kyla successfully seduce Chris and start a twisted new life with him by removing everyone in her path, or will Riley be able to save her father from Kyla’s treacherous plot before it’s too late?",Drama Thriller,4.958,43.1543
Brothers Under Fire,"Captain Jordan Wright's squadron on leave for a wedding in Mexico encounters a murderous cartel. As Jordan tries to lead survivors to safety, war erupts between his squad and the cartel, forcing him into a battle to save his men.",Action Thriller Mystery Drama,6.0,43.0287
Michael Jackson: Searching for Neverland,"Based on the best-selling book, Remember the Time: Protecting Michael Jackson in His Final Days, and told through the eyes of Jackson's trusted bodyguards, Bill Whitfield and Javon Beard. The movie will reveal firsthand the devotion Michael Jackson had to his children, and the hidden drama that took place during the last two years of his life.",Drama,6.561,42.7051
Rise of the Conqueror,"In the 14th-century, as the Silk Road crumbles and rival factions tear the land apart, fearless warrior Timur emerges from exile. Stripped of everything, he fights to unite the fractured kingdoms, using strategy and sheer will to carve an empire from chaos. Undefeated in battle and widely regarded as one of history’s greatest military leaders and tacticians, not to mention one of its most brutal, Timur would found the Timurid Empire, which ruled over modern-day Afghanistan, Iran and Central Asia.",History Action Adventure War,5.923,42.676
The Lord of the Rings: The Return of the King,"As armies mass for a final battle that will decide the fate of the world--and powerful, ancient forces of Light and Dark compete to determine the outcome--one member of the Fellowship of the Ring is revealed as the noble heir to the throne of the Kings of Men. Yet, the sole hope for triumph over evil lies with a brave hobbit, Frodo, who, accompanied by his loyal friend Sam and the hideous, wretched Gollum, ventures deep into the very dark heart of Mordor on his seemingly impossible quest to destroy the Ring of Power.​",Adventure Fantasy Action,8.5,42.6119
The Super Mario Bros. Movie,"While working underground to fix a water main, Brooklyn plumbers—and brothers—Mario and Luigi are transported down a mysterious pipe and wander into a magical new world. But when the brothers are separated, Mario embarks on an epic quest to find Luigi.",Family Comedy Adventure Fantasy Animation,7.601,42.4071
Passenger,"After a young couple witnesses a gruesome highway accident, they soon realize they did not leave the crash scene alone, as a demonic presence called the Passenger that won't stop until it claims them both turns their van life adventure into a nightmare.",Horror Thriller,5.9,42.2273
Madhuvidhu,"Madhuvidhu offers a simple, relatable take on married life, focusing on everyday moments rather than drama. It follows Amrut Raj of the Anjilamoodu tharavadu, a household of five men, and a newlywed couple whose hopes for happiness gradually fade under daily pressures. What begins with promise turns into a test of endurance, as the couple struggles to bridge the growing emotional distance between them",Family Comedy Drama,7.0,42.2107
Dollhouse,"After losing their child, a mother finds solace in a life-sized ancient doll she finds on the market.  When a new daughter enters the family's life, strange things begin to happen and no matter how hard the family tries to get rid of it, the doll always finds its way back.",Horror Mystery,7.6,41.8101
Pirates of the Caribbean: The Curse of the Black Pearl,"When wily pirate Captain Barbossa seizes Jack Sparrow’s beloved ship, the Black Pearl, and kidnaps the governor’s daughter, Elizabeth Swann, blacksmith Will Turner reluctantly teams up with the unpredictable pirate Jack to rescue her—only to uncover a terrifying curse that turns Barbossa’s crew into the undead.",Adventure Fantasy Action,7.8,41.6696
Kaulayaw,"Two college schoolmates venture into the world of cybersex to support their needs. They fulfill their fans' sexual fantasy only to realized that they too, are falling for each other.",Drama,5.8,41.0736
Titanic,"101-year-old Rose DeWitt Bukater tells the story of her life aboard the Titanic, 84 years later. A young Rose boards the ship with her mother and fiancé. Meanwhile, Jack Dawson and Fabrizio De Rossi win third-class tickets aboard the ship. Rose tells the whole story from Titanic's departure through to its death—on its first and last voyage—on April 15, 1912.",Drama Romance,7.902,40.4811
The Matrix,"Set in the 22nd century, The Matrix tells the story of a computer hacker who joins a group of underground insurgents fighting the vast and powerful computers who now rule the earth.",Action Sci-Fi,8.246,39.9078
The Mortuary Assistant,"Rebecca Owens, a recent mortuary science graduate takes a night shift job at River Fields Mortuary. Initially, the job seems straightforward — embalming bodies, completing paperwork, and keeping things tidy. But once Rebecca starts working the night shift, things take a dark turn.",Horror Mystery,5.524,39.8826
How to Have Sex,"Three British teenage girls go on a rites-of-passage holiday—drinking, clubbing and hooking up, in what should be the best summer of their lives.",Drama,6.231,39.5093
"""Wuthering Heights""","Tragedy strikes when Heathcliff falls in love with Catherine Earnshaw, a woman from a wealthy family in 18th-century England.",Romance Drama,6.6,38.9656
The Sleeper,"Ferman is a cold-blooded hitman who eliminates former agents for a secret organization. While eliminating a target during one of his missions, he encounters Saye and unexpectedly falls in love with her. Instead of killing her, he chooses to bring her into the organization. This decision marks the beginning of an irreversible path in both of their lives.",Action Thriller Drama,6.0,38.9442
xXx,"Xander Cage is your standard adrenaline junkie with no fear and a lousy attitude. When the US Government ""recruits"" him to go on a mission, he's not exactly thrilled. His mission: to gather information on an organization that may just be planning the destruction of the world, led by the nihilistic Yorgi.",Action Adventure Thriller Crime Drama,5.988,38.8703
KPop Demon Hunters,"When K-pop superstars Rumi, Mira and Zoey aren't selling out stadiums, they're using their secret powers to protect their fans from supernatural threats.",Fantasy Music Comedy Animation,8.023,38.5427
Parasite,"All unemployed, Ki-taek's family takes peculiar interest in the wealthy and glamorous Parks for their livelihood until they get entangled in an unexpected incident.",Comedy Thriller Drama,8.494,38.5178
The Lord of the Rings: The Fellowship of the Ring,"Young hobbit Frodo Baggins, after inheriting a mysterious ring from his uncle Bilbo, must leave his home in order to keep it from falling into the hands of its evil creator. Along the way, a fellowship is formed to protect the ringbearer and make sure that the ring arrives at its final destination: Mt. Doom, the only place where it can be destroyed.",Adventure Fantasy Action,8.434,38.3166
Disforia,"Set in the near future against the backdrop of widespread looting and societal collapse, the couple formed by Esther and Tomás and their daughter Say move to their summer house so they can promptly sell it and then flee from their country to France, drawing attention from a ring of voyeurs of real-life torture streamed on the dark web.",Horror Thriller,5.0,38.1794
Top Gun: Maverick,"After more than thirty years of service as one of the Navy’s top aviators, and dodging the advancement in rank that would ground him, Pete “Maverick” Mitchell finds himself training a detachment of TOP GUN graduates for a specialized mission the likes of which no living pilot has ever seen.",Action Drama,8.157,38.082
Backrooms,A strange doorway appears in the basement of a furniture showroom.,Horror Mystery Sci-Fi,9.2,38.0123
The Wrecking Crew,"Estranged half-brothers Jonny and James reunite after their father's mysterious death. As they search for the truth, buried secrets reveal a conspiracy threatening to tear their family apart.",Action Comedy Crime Mystery,6.956,37.8388
Spider-Man: No Way Home,"Peter Parker is unmasked and no longer able to separate his normal life from the high-stakes of being a super-hero. When he asks for help from Doctor Strange the stakes become even more dangerous, forcing him to discover what it truly means to be Spider-Man.",Action Adventure Sci-Fi,7.934,37.8279
Bonolota Express,"On a foggy winter journey, the Bonolota Express carries strangers burdened by secrets whose lives begin to collide within the train’s confined corridors. As the night unfolds, personal and political crises erupt, exposing hidden grief, moral decay, and moments of unexpected compassion amid chaos and revolt. By dawn, the train moves on, leaving its passengers irrevocably changed by a single journey where illusions collapse and human truths emerge.",Drama Comedy Family,8.8,37.7318
Now You See Me: Now You Don't,"The original Four Horsemen reunite with a new generation of illusionists to take on powerful diamond heiress Veronika Vanderberg, who leads a criminal empire built on money laundering and trafficking. The new and old magicians must overcome their differences to work together on their most ambitious heist yet.",Crime Thriller,6.505,37.4655
The Crucifix: Blood of the Exorcist,"A gruesome discovery in the grounds of their new home plunges a young couple into a maelstrom of spiritual possession, pagan rituals, Viking battles, and violent revenge.",Horror,5.58,37.3842
28 Years Later: The Bone Temple,Dr. Kelson finds himself in a shocking new relationship - with consequences that could change the world as they know it - and Spike's encounter with Jimmy Crystal becomes a nightmare he can't escape.,Horror Thriller Sci-Fi,7.117,37.147
Fatal Conspiracy,"Davi Martins, a commercial director of a financial institution, and Juliana Martins, a personal trainer, are a couple trying to recover from a crisis. At work, Davi ends up getting involved in the investigation of a financial scandal, putting himself in the crosshairs of dangerous people. Little by little, Juliana discovers that her new home may not be a new beginning, but the stage for a real nightmare. Some secrets may end her life.",Horror,7.0,36.9457
Star Wars,Princess Leia is captured and held hostage by the evil Imperial forces in their effort to take over the galactic Empire. Venturesome Luke Skywalker and dashing captain Han Solo team together with the loveable robot duo R2-D2 and C-3PO to rescue the beautiful princess and restore peace and justice in the Empire.,Adventure Action Sci-Fi,8.205,36.7541
Avengers: Endgame,"After the devastating events of Avengers: Infinity War, the universe is in ruins due to the efforts of the Mad Titan, Thanos. With the help of remaining allies, the Avengers must assemble once more in order to undo Thanos' actions and restore order to the universe once and for all, no matter what consequences may be in store.",Adventure Sci-Fi Action,8.236,36.7087
F1,Racing legend Sonny Hayes is coaxed out of retirement to lead a struggling Formula 1 team—and mentor a young hotshot driver—while chasing one more chance at glory.,Action Drama,7.773,36.3578
Inception,"Cobb, a skilled thief who commits corporate espionage by infiltrating the subconscious of his targets is offered a chance to regain his old life as payment for a task considered to be impossible: ""inception"", the implantation of another person's idea into a target's subconscious.",Action Sci-Fi Adventure,8.372,36.2462
Obsessed,"A secret, passionate affair happens in the summer of 1969 between Colonel Jin Pyeong, trapped in a loveless marriage with Soo Jin, and Jong Ga Heun, the Chinese-Korean wife of Captain Kyung Woo Jin.",Drama,6.683,36.1133
Kesong Puti,"Have a taste of VMX Newest Temptation Apphle Celso. Lena, a Kesong Puti vendor, meets a charming dairy supplier Manny. Their chemistry sparks a daring secret that transforms her humble cheese into their town’s obsession.",Drama,5.5,36.0218
Dear You,"Grandma Ye Shurou from Chaoshan lived a simple life, enjoying her twilight years. Her grandson, Xiaowei, burdened by debt, secretly traveled to Thailand to find his rumored billionaire grandfather, Zheng Musheng. However, Xiaowei returned with shocking news: his grandfather was long gone, and the person with whom Grandma had exchanged love letters was a complete stranger. As Xiaowei investigated, a love affair hidden for half a century suddenly surfaced, striking Grandma's heart.",Drama Family Comedy,9.15,35.8257
Spirited Away,"A young girl, Chihiro, becomes trapped in a strange new world of spirits. When her parents undergo a mysterious transformation, she must call upon the courage she never knew she had to free her family.",Animation Family Fantasy,8.534,35.5444
Pulp Fiction,"A burger-loving hit man, his philosophical partner, a drug-addled gangster's moll and a washed-up boxer converge in this sprawling, comedic crime caper. Their adventures unfurl in three stories that ingeniously trip back and forth in time.",Thriller Crime Comedy,8.5,35.513
Midnight Matinee,"Even though a devastating murder took place during a small town's horror film festival two years earlier, townspeople want another festival.",Horror Mystery Thriller,5.4,35.4494
Addicted,A gallerist risks her family and flourishing career when she enters into an affair with a talented painter and slowly loses control of her life.,Drama Thriller,5.913,35.4016
Sniper: No Nation,Brandon Beckett and Agent Zero lead a rescue mission in Costa Verde when their friends are taken hostage.,Action Thriller,6.5,35.3649
7 Dogs,Interpol agent Khalid Al-Azzazi joins forces with Ghali Abu Dawood from the 7 Dogs crime syndicate to fight drug trafficking.,Action Comedy,0.0,35.2261
Harry Potter and the Philosopher's Stone,"Harry Potter has lived under the stairs at his aunt and uncle's house his whole life. But on his 11th birthday, he learns he's a powerful wizard—with a place waiting for him at the Hogwarts School of Witchcraft and Wizardry. As he learns to harness his newfound powers with the help of the school's kindly headmaster, Harry uncovers the truth about his parents' deaths—and about the villain who's to blame.",Adventure Fantasy,7.899,35.0981
The Crash,"A teen slams her car into a building, killing her boyfriend and his friend. What seems like a tragic accident becomes a murder case.",Documentary Crime,6.6,35.0645
Jurassic World Rebirth,"Five years after the events of Jurassic World Dominion, covert operations expert Zora Bennett is contracted to lead a skilled team on a top-secret mission to secure genetic material from the world's three most massive dinosaurs. When Zora's operation intersects with a civilian family whose boating expedition was capsized, they all find themselves stranded on an island where they come face-to-face with a sinister, shocking discovery that's been hidden from the world for decades.",Sci-Fi Adventure Action,6.267,34.9964
Deadpool & Wolverine,"A listless Wade Wilson toils away in civilian life with his days as the morally flexible mercenary, Deadpool, behind him. But when his homeworld faces an existential threat, Wade must reluctantly suit-up again with an even more reluctant Wolverine.",Action Comedy Sci-Fi,7.567,34.7949
Infiltrate,"In a city overrun by crime, government Agent Lily Chen is forced to choose between her duty and her family when her husband is kidnapped, and she’s blackmailed into assassinating high-level criminals to save him. As she delves deeper into the criminal underworld, Lily’s relentless pursuit of justice unravels a web of corruption, leading to a final, life-altering decision that will change her world forever.",Action Thriller,5.433,34.6924
Avatar,"In the 22nd century, a paraplegic Marine is dispatched to the moon Pandora on a unique mission, but becomes torn between following orders and protecting an alien civilization.",Sci-Fi Action Adventure,7.6,34.689
Train to Busan,"When a zombie virus pushes Korea into a state of emergency, those trapped on an express train to Busan must fight for their own survival.",Horror Thriller Action Adventure,7.749,34.6397
JUJUTSU KAISEN: Execution,"A veil abruptly descends over the busy Shibuya area amid the bustling Halloween crowds, trapping countless civilians inside. Satoru Gojo, the strongest jujutsu sorcerer, steps into the chaos. But lying in wait are curse users and spirits scheming to seal him away. Yuji Itadori, accompanied by his classmates and other top-tier jujutsu sorcerers, enters the fray in an unprecedented clash of curses — the Shibuya Incident. In the aftermath, ten colonies across Japan are transformed into dens of curses in a plan orchestrated by Noritoshi Kamo. As the deadly Culling Game starts, Special Grade sorcerer Yuta Okkotsu is assigned to carry out Yuji's execution for his perceived crimes. A compilation movie of Shibuya Incident including the first two episodes of the Culling Games arc.",Animation Action Fantasy,5.975,34.4749
Our Fault,"Jenna and Lion's wedding brings about the long-awaited reunion between Noah and Nick after their breakup. Nick's inability to forgive Noah stands as an insurmountable barrier. He, heir to his grandfather's businesses, and she, starting her professional life, resist fueling a flame that's still alive. But now that their paths have crossed again, will love be stronger than resentment?",Romance Drama,7.359,33.9873
Schindler's List,The true story of how businessman Oskar Schindler saved over a thousand Jewish lives from the Nazis while they worked as slaves in his factory during World War II.,Drama History War,8.569,33.9015
Masters of the Universe,"After being separated for 15 years, the Sword of Power leads Prince Adam back to Eternia, where he discovers his home shattered under the fiendish rule of Skeletor. To save his family and his world, Adam must join forces with his closest allies, Teela and Duncan/Man-At-Arms, and embrace his true destiny as He-Man — the most powerful man in the universe.",Action Fantasy Sci-Fi,0.0,33.8312
The Drama,A happily engaged couple is put to the test when an unexpected turn sends their wedding week off the rails.,Romance Comedy Drama,6.9,33.6413
Balls Up,"Two marketing executives go ""balls out"" and pitch a bold full‑coverage condom sponsorship with the World Cup. After their drunken celebration in Brazil sparks a global scandal, they must outrun furious fans, criminals, and power-hungry officials to salvage their careers and make it home alive.",Comedy Action Adventure,5.823,33.2988
Anaconda,"A group of friends facing mid-life crises head to the rainforest with the intention of remaking their favorite movie from their youth, only to find themselves in a fight for their lives against natural disasters, giant snakes and violent criminals.",Adventure Comedy Horror,5.884,32.8573
Spider-Man: Homecoming,"Following the events of Captain America: Civil War, Peter Parker, with the help of his mentor Tony Stark, tries to balance his life as an ordinary high school student in Queens, New York City, with fighting crime as his superhero alter ego Spider-Man as a new threat, the Vulture, emerges.",Action Adventure Sci-Fi,7.33,32.8065
Protector,"Nikki's life is shattered when her daughter is kidnapped. Thrust into the criminal underworld while hunted by cops and military, she must fight to rescue her child.",Action Thriller,6.4,32.7204
Lola's Secret,Young man has his dreams come true when the sexy new maid seduces him. But she also has a secret that leads to trouble.,Drama Comedy Horror,7.0,32.6126
Sinners,"Trying to leave their troubled lives behind, twin brothers return to their hometown to start again, only to discover that an even greater evil is waiting to welcome them back.",Horror Action Thriller,7.489,32.6113
The Rip,"Trust frays when a team of Miami cops discovers millions in cash inside a run-down stash house, calling everyone — and everything — into question.",Action Thriller Crime,7.068,32.5517
In the Grey,"A covert team of elite operatives are living in the shadows. When a ruthless despot steals a billion-dollar fortune, they're sent to take it back—an impossible heist that erupts into a deadly game of strategy, deception and survival.",Action Thriller,6.3,32.3502
This Is It,"A compilation of interviews, rehearsals and backstage footage of Michael Jackson as he prepared for his series of sold-out shows in London.",Music Documentary,7.3,28.8649
Hope,"In the remote South Korean village of Hope Harbor, police chief Bum-seok and officer Sung-ae are called to investigate a mysterious creature wreaking havoc on the community. But all is not as it seems, and perceptions can be misleading. What begins as ignorance plants the seed of disaster, escalating through human conflict into a tragedy of cosmic proportions.",Sci-Fi Mystery Action,0.0,28.6542
Fifty Shades of Grey,"When college senior Anastasia Steele steps in for her sick roommate to interview prominent businessman Christian Grey for their campus paper, little does she realize the path her life will take. Christian, as enigmatic as he is rich and powerful, finds himself strangely drawn to Ana, and she to him. Though sexually inexperienced, Ana plunges headlong into an affair -- and learns that Christian's true sexual proclivities push the boundaries of pain and pleasure.",Drama Romance Thriller,5.869,31.3151
Spider-Man,"After being bitten by a genetically altered spider at Oscorp, nerdy but endearing high school student Peter Parker is endowed with amazing powers to become the superhero known as Spider-Man.",Action Sci-Fi,7.328,30.2545
The Gorge,"Two highly trained operatives grow close from a distance after being sent to guard opposite sides of a mysterious gorge. When an evil below emerges, they must work together to survive what lies within.",Romance Sci-Fi Thriller,7.632,30.8118
The Terminator,"In the post-apocalyptic future, reigning tyrannical supercomputers teleport a cyborg assassin known as the ""Terminator"" back to 1984 to kill Sarah Connor, whose unborn son is destined to lead insurgents against 21st century mechanical hegemony. Meanwhile, the human-resistance movement dispatches a lone warrior to safeguard Sarah. Can he stop the virtually indestructible killing machine?",Action Thriller Sci-Fi,7.682,30.5101
Coraline,"Wandering her rambling old house in her boring new town, 11-year-old Coraline discovers a hidden door to a strangely idealized version of her life. In order to stay in the fantasy, she must make a frighteningly real sacrifice.",Animation Family Fantasy,7.906,29.7662
Irreversible,A woman’s lover and her ex-boyfriend take justice into their own hands after she becomes the victim of a rapist. Because some acts can’t be undone. Because man is an animal. Because the desire for vengeance is a natural impulse. Because most crimes remain unpunished.,Drama Thriller Crime,7.185,30.9872
Superman,"Superman, a journalist in Metropolis, embarks on a journey to reconcile his Kryptonian heritage with his human upbringing as Clark Kent.",Sci-Fi Adventure Action,7.342,28.523
The Bride!,A lonely Frankenstein travels to 1930s Chicago to ask groundbreaking scientist Dr. Euphronious to create a companion for him. The two revive a murdered young woman and The Bride is born. But what ensues is beyond what either of them imagined.,Sci-Fi Horror Fantasy,6.2,28.9919
Iron Man 2,"With the world now aware of his dual life as the armored superhero Iron Man, billionaire inventor Tony Stark faces pressure from the government, the press and the public to share his technology with the military. Unwilling to let go of his invention, Stark, with Pepper Potts and James 'Rhodey' Rhodes at his side, must forge new alliances – and confront powerful enemies.",Adventure Action Sci-Fi,6.853,30.9505
Secretary,"A young woman, recently released from a mental hospital, gets a job as a secretary to a demanding lawyer, where their employer-employee relationship turns into a sexual, sadomasochistic one.",Romance Drama Comedy,6.8,28.6741
The Babysitters,"Seventeen-year-old Shirley is a good student who works as a babysitter in order to make money for college. One night Michael, a father Shirley works for, confesses he's unhappy with married life. Shirley has a crush on Michael, and seizes this moment to kiss him. Michael is so happy he presents Shirley with a big tip, which gives her an idea. Shirley plans to make extra money by setting up her teenage friends with other unhappy fathers.",Drama,6.0,28.5753
Bodycam,"A call to a quiet suburban home unleashes unthinkable carnage when two officers mistakenly shoot a man and his infant child, spiraling the tragedy into a fierce, unrelenting fall into the unknown.",Horror,5.616,25.9327
Fight Club,"A ticking-time-bomb insomniac and a slippery soap salesman channel primal male aggression into a shocking new form of therapy. Their concept catches on, with underground ""fight clubs"" forming in every town, until an eccentric gets in the way and ignites an out-of-control spiral toward oblivion.",Drama Thriller,8.438,30.1973
Thrash,"When a Category 5 hurricane decimates a coastal town, the storm surge brings devastation, chaos, and something far more frightening onto shore: hungry sharks.",Horror Thriller,6.017,27.7498
Deool Band 2,"The story follows a farmer who decides to question and test his faith, setting off a journey filled with emotional and life-altering moments. At its core, the narrative centers on a woman who tirelessly struggles for her family, facing hardships with resilience, as her path ultimately leads her to confront the very idea of divine power",Comedy Drama,0.0,29.2156
Your Name.,"High schoolers Mitsuha and Taki are complete strangers living separate lives. But one night, they suddenly switch places. Mitsuha wakes up in Taki’s body, and he in hers. This bizarre occurrence continues to happen randomly, and the two must adjust their lives around each other.",Animation Romance Drama,8.479,28.2341
Oppenheimer,The story of J. Robert Oppenheimer's role in the development of the atomic bomb during World War II.,Drama History,8.032,27.8666
The Odyssey,"Odysseus, the legendary King of Ithaca, embarks on a long and perilous journey home following the Trojan War. Throughout his voyage, he is forced to confront the whims of gods, mythological monsters, and trials that stretch both his cunning and his humanity to the breaking point.",Adventure Action Fantasy,0.0,28.0759
Se7en,"Two homicide detectives are on a desperate hunt for a serial killer whose crimes are based on the ""seven deadly sins"" in this dark and haunting film that takes viewers from the tortured remains of one victim to the next. The seasoned Det. Somerset researches each sin in an effort to get inside the killer's mind, while his novice partner, Mills, scoffs at his efforts to unravel the case.",Crime Mystery Thriller,8.382,27.495
Mortal Kombat: Annihilation,"A group of heroic warriors has only six days to save the planet in ""Mortal Kombat Annihilation."" To succeed they must survive the most spectacular series of challenges any human, or god, has ever encountered as they battle an evil warlord bent on taking control of Earth.",Action Fantasy Sci-Fi,4.547,26.7734
Love Insurance Kompany,"In 2040, an app premised on ensuring romance for all is used widely by the population. When the voice behind the app's AI realizes its misconception to true love, he embarks on a quest to prove that love does not come from a screen.",Romance Sci-Fi Comedy,4.857,29.0978
The Green Mile,"A supernatural tale set on death row in a Southern prison, where gentle giant John Coffey possesses the mysterious power to heal people's ailments. When the cell block's head guard, Paul Edgecomb, recognizes Coffey's miraculous gift, he tries desperately to help stave off the condemned man's execution.",Fantasy Drama Crime,8.506,29.1471
The Furious,"After Wang Wei's daughter is kidnapped by a criminal network and he receives no help from the corrupt police, Wei sets out to find her himself. His only ally is Navin, a relentless journalist whose wife has mysteriously disappeared. Fueled by a furious vengeance, the unlikely duo ruthlessly battle the kidnappers in this explosive martial arts showdown.",Action Crime Thriller,0.0,28.687
Starbright,"A young woman becomes the guardian of a fallen star, which she must protect from dangerous forces with the help of a brave stranger.",Adventure Action,5.974,27.003
Tu Yaa Main,"A wannabe rapper from the outskirts of Mumbai and an affluent influencer elope to a coastal town, only to find themselves trapped in the pool of a derelict resort fighting for survival against the wrath of a ferocious crocodile.",Thriller Romance,6.3,27.8083
Mission: Impossible - The Final Reckoning,"Ethan Hunt and team continue their search for the terrifying AI known as the Entity — which has infiltrated intelligence networks all over the globe — with the world's governments and a mysterious ghost from Hunt's past on their trail. Joined by new allies and armed with the means to shut the Entity down for good, Hunt is in a race against time to prevent the world as we know it from changing forever.",Action Thriller Adventure,7.159,28.7335
Village of the Dead,"Four hikers become trapped in a mysterious village after getting lost in a mountain foot market said to be an interdimensional gateway. There, the world turns strange—graveyards with no headstones, grinning bald figures, puppets with no puppeteer, and cult rituals dancing atop corpses. It all leads to one chilling truth: those who are trapped can never leave. The village is preparing a dark ritual to fill the hamlet with the dead. Faced with harrowing choices, can they survive—and make it home alive?",Adventure Horror Mystery,3.0,24.4432
Mulan: Light A fire,"After returning home from war, Mulan discovers her family shattered by corruption and violence. As she investigates the truth behind her brother’s death, she uncovers a vast conspiracy involving corrupt officials and ruthless merchants, forcing her onto a solitary path of vengeance and justice.",Drama,0.0,27.8548
Moana 2,"After receiving an unexpected call from her wayfinding ancestors, Moana journeys alongside Maui and a new crew to the far seas of Oceania and into dangerous, long-lost waters for an adventure unlike anything she's ever faced.",Adventure Animation Comedy Family Fantasy,7.0,26.8798
Chainsaw Man - The Movie: Reze Arc,"In a brutal war between devils, hunters, and secret enemies, a mysterious girl named Reze has stepped into Denji's world, and he faces his deadliest battle yet, fueled by love in a world where survival knows no rules.",Animation Action Romance Fantasy,8.4,28.5142
Spider-Man: Across the Spider-Verse,"After reuniting with Gwen Stacy, Brooklyn’s full-time, friendly neighborhood Spider-Man is catapulted across the Multiverse, where he encounters the Spider Society, a team of Spider-People charged with protecting the Multiverse's very existence. But when the heroes clash on how to handle a new threat, Miles finds himself pitted against the other Spiders and must set out on his own to save those he loves most.",Animation Action Adventure Sci-Fi,8.335,24.4996
